prediction,reference
Method,Objective
Method,Method
Result,Result
Result,Conclusion
Result,Result
Method,Background
Result,Result
Background,Background
Method,Result
Background,Background
Result,Objective
Background,Conclusion
Background,Objective
Conclusion,Result
Background,Result
Method,Background
Conclusion,Conclusion
Method,Method
Method,Method
Background,Method
Method,Objective
Background,Objective
Method,Method
Method,Objective
Result,Result
Method,Method
Result,Method
Result,Background
Objective,Conclusion
Result,Conclusion
Method,Objective
Background,Method
Method,Method
Method,Objective
Background,Objective
Background,Background
Objective,Background
Result,Conclusion
Objective,Result
Result,Conclusion
Method,Conclusion
Method,Background
Method,Method
Background,Objective
Method,Method
Method,Method
Result,Result
Result,Objective
Method,Objective
Result,Result
Method,Method
Result,Result
Background,Background
Background,Conclusion
Background,Result
Objective,Objective
Background,Background
Method,Background
Result,Result
Background,Objective
Result,Conclusion
Background,Background
Result,Result
Background,Objective
Background,Background
Method,Background
Background,Background
Method,Conclusion
Background,Method
Method,Background
Method,Background
Result,Result
Result,Result
Conclusion,Conclusion
Result,Method
Result,Background
Background,Method
Result,Result
Background,Objective
Result,Background
Background,Method
Background,Background
Conclusion,Conclusion
Background,Background
Method,Method
Method,Result
Background,Conclusion
Objective,Objective
Method,Result
Background,Objective
Method,Result
Background,Method
Method,Conclusion
Method,Conclusion
Result,Result
Method,Result
Method,Background
Method,Method
Background,Conclusion
Conclusion,Conclusion
Conclusion,Conclusion
Method,Objective
Method,Method
Background,Objective
Method,Conclusion
Method,Objective
Background,Background
Method,Method
Background,Background
Result,Result
Background,Result
Result,Result
Method,Result
Result,Objective
Method,Method
Background,Result
Method,Objective
Result,Objective
Background,Conclusion
Method,Method
Method,Method
Method,Objective
Background,Method
Background,Objective
Background,Result
Method,Method
Method,Method
Method,Objective
Objective,Objective
Result,Objective
Result,Conclusion
Result,Result
Background,Objective
Method,Result
Objective,Conclusion
Background,Conclusion
Objective,Objective
Method,Objective
Background,Result
Method,Objective
Method,Method
Result,Conclusion
Background,Background
Result,Result
Objective,Objective
Method,Method
Background,Method
Result,Method
Background,Background
Method,Result
Result,Conclusion
Background,Objective
Background,Method
Background,Result
Method,Conclusion
Objective,Objective
Method,Method
Method,Result
Result,Background
Background,Objective
Method,Result
Method,Method
Background,Result
Result,Background
Result,Result
Background,Background
Method,Background
Result,Result
Result,Background
Method,Method
Background,Method
Method,Method
Method,Method
Result,Objective
Background,Objective
Background,Objective
Background,Conclusion
Result,Background
Background,Conclusion
Conclusion,Objective
Result,Result
Conclusion,Result
Method,Method
Background,Result
Method,Method
Background,Conclusion
Method,Objective
Background,Background
Result,Background
Background,Objective
Objective,Objective
Method,Objective
Method,Method
Background,Method
Method,Method
Background,Result
Method,Result
Method,Method
Background,Background
Method,Objective
Result,Method
Background,Background
Objective,Objective
Background,Objective
Background,Conclusion
Method,Objective
Method,Method
Result,Result
Result,Result
Method,Method
Objective,Objective
Background,Result
Background,Method
Result,Result
Background,Background
Background,Background
Result,Conclusion
Conclusion,Conclusion
Method,Background
Method,Method
Background,Conclusion
Result,Conclusion
Background,Background
Method,Method
Method,Method
Result,Result
Background,Conclusion
Result,Result
Background,Background
Method,Method
Method,Objective
Background,Background
Objective,Background
Background,Result
Background,Method
Result,Method
Background,Conclusion
Objective,Objective
Method,Objective
Result,Conclusion
Result,Conclusion
Result,Result
Method,Objective
Background,Method
Background,Objective
Method,Objective
Background,Objective
Result,Conclusion
Result,Result
Result,Objective
Result,Conclusion
Method,Objective
Background,Background
Method,Method
Background,Conclusion
Result,Result
Result,Background
Objective,Result
Method,Conclusion
Method,Objective
Result,Result
Method,Method
Objective,Background
Background,Objective
Result,Conclusion
Background,Objective
Method,Result
Method,Result
Method,Background
Method,Method
Objective,Result
Result,Conclusion
Method,Objective
Result,Result
Result,Background
Method,Method
Objective,Result
Method,Method
Method,Background
Background,Background
Background,Conclusion
Result,Result
Background,Background
Method,Method
Method,Conclusion
Result,Result
Background,Objective
Method,Conclusion
Method,Method
Method,Method
Objective,Conclusion
Result,Method
Background,Conclusion
Background,Objective
Background,Background
Method,Objective
Method,Method
Result,Result
Method,Method
Result,Conclusion
Background,Objective
Result,Conclusion
Background,Method
Background,Method
Result,Result
Result,Background
Background,Result
Conclusion,Conclusion
Method,Objective
Result,Conclusion
Result,Result
Background,Background
Background,Objective
Conclusion,Conclusion
Objective,Conclusion
Result,Background
Objective,Conclusion
Method,Objective
Background,Background
Background,Conclusion
Background,Background
Background,Background
Background,Conclusion
Objective,Result
Background,Background
Objective,Conclusion
Background,Background
Result,Result
Background,Background
Background,Background
Method,Conclusion
Background,Method
Method,Method
Result,Conclusion
Method,Result
Method,Result
Background,Result
Background,Result
Result,Objective
Result,Result
Background,Result
Background,Objective
Objective,Objective
Background,Objective
Background,Objective
Method,Method
Method,Background
Result,Result
Background,Objective
Method,Background
Background,Method
Objective,Conclusion
Background,Background
Method,Background
Method,Objective
Background,Result
Background,Background
Background,Background
Result,Result
Background,Background
Result,Result
Background,Result
Method,Method
Method,Method
Result,Conclusion
Objective,Background
Background,Conclusion
Method,Objective
Background,Background
Background,Background
Method,Objective
Method,Method
Background,Background
Background,Objective
Result,Result
Background,Method
Background,Background
Objective,Conclusion
Method,Background
Method,Objective
Objective,Background
Conclusion,Conclusion
Method,Background
Result,Objective
Method,Background
Background,Background
Method,Result
Method,Objective
Background,Conclusion
Method,Method
Method,Conclusion
Result,Result
Result,Result
Background,Conclusion
Background,Result
Background,Conclusion
Background,Objective
Result,Method
Method,Objective
Result,Background
Objective,Background
Result,Result
Background,Conclusion
Objective,Objective
Result,Conclusion
Method,Method
Method,Conclusion
Result,Objective
Method,Method
Method,Method
Result,Objective
Result,Conclusion
Method,Objective
Result,Method
Method,Conclusion
Method,Objective
Result,Conclusion
Background,Background
Method,Method
Method,Conclusion
Background,Background
Method,Method
Background,Conclusion
Method,Background
Background,Conclusion
Objective,Objective
Method,Objective
Background,Method
Result,Conclusion
Background,Objective
Method,Objective
Background,Objective
Background,Objective
Objective,Method
Background,Background
Background,Conclusion
Background,Background
Background,Conclusion
Method,Result
Result,Objective
Background,Method
Method,Method
Method,Objective
Method,Method
Background,Conclusion
Method,Method
Result,Result
Method,Method
Result,Conclusion
Result,Result
Method,Objective
Method,Conclusion
Method,Objective
Objective,Conclusion
Method,Method
Background,Background
Result,Result
Objective,Objective
Result,Method
Background,Method
Method,Method
Result,Conclusion
Background,Result
Background,Method
Background,Objective
Result,Background
Objective,Objective
Conclusion,Conclusion
Background,Background
Method,Objective
Background,Objective
Method,Method
Method,Conclusion
Background,Background
Background,Conclusion
Background,Background
Method,Conclusion
Result,Objective
Method,Method
Result,Objective
Method,Method
Background,Result
Method,Objective
Result,Result
Result,Method
Background,Method
Background,Result
Objective,Background
Background,Conclusion
Objective,Objective
Method,Background
Result,Result
Method,Conclusion
Result,Result
Result,Conclusion
Result,Conclusion
Background,Method
Method,Method
Method,Method
Result,Result
Background,Conclusion
Background,Background
Background,Conclusion
Background,Background
Method,Background
Method,Method
Background,Conclusion
Objective,Result
Result,Background
Method,Method
Background,Background
Background,Result
Background,Result
Result,Objective
Result,Result
Background,Background
Background,Background
Method,Objective
Result,Result
Result,Conclusion
Background,Objective
Result,Background
Background,Result
Background,Background
Result,Background
Result,Background
Background,Conclusion
Method,Method
Background,Result
Background,Background
Background,Result
Result,Result
Result,Result
Background,Background
Background,Method
Method,Objective
Result,Objective
Method,Objective
Result,Background
Method,Method
Method,Objective
Method,Conclusion
Method,Result
Result,Result
Method,Objective
Method,Conclusion
Result,Result
Result,Result
Conclusion,Conclusion
Result,Conclusion
Background,Conclusion
Result,Background
Background,Background
Result,Conclusion
Background,Background
Background,Conclusion
Result,Method
Background,Conclusion
Result,Result
Method,Background
Method,Method
Background,Method
Background,Conclusion
Result,Result
Background,Background
Background,Objective
Method,Background
Method,Method
Background,Result
Background,Background
Method,Method
Result,Background
Background,Method
Result,Result
Background,Background
Background,Objective
Background,Method
Result,Result
Background,Objective
Method,Method
Method,Background
Background,Conclusion
Method,Method
Objective,Objective
Method,Method
Background,Method
Background,Background
Objective,Background
"Sure!
Based on the text provided, the category is:
REF",Result
Background,Background
Objective,Objective
Background,Method
Method,Result
Method,Method
Background,Objective
Objective,Objective
Background,Method
Background,Background
Result,Result
Result,Method
Method,Background
Result,Result
Result,Background
Method,Method
Method,Method
Method,Method
Method,Method
Background,Method
Background,Objective
Background,Method
Result,Conclusion
Result,Conclusion
Result,Background
Objective,Conclusion
Objective,Background
Background,Conclusion
Background,Method
Method,Method
Result,Objective
Method,Conclusion
Background,Result
Background,Conclusion
Background,Conclusion
Method,Objective
Result,Objective
Background,Conclusion
Method,Conclusion
Result,Background
Result,Conclusion
Background,Method
Result,Conclusion
Method,Method
Result,Objective
Background,Conclusion
Background,Objective
Method,Objective
Method,Method
Result,Result
Background,Conclusion
Method,Result
Objective,Method
Result,Result
Result,Result
Method,Conclusion
Background,Objective
Result,Result
Background,Background
Background,Objective
Background,Objective
Background,Objective
Result,Result
Result,Result
Background,Background
Method,Method
Background,Background
Method,Objective
Background,Conclusion
Result,Conclusion
Background,Result
Method,Method
Method,Objective
Background,Conclusion
Result,Conclusion
Objective,Objective
Method,Result
Method,Objective
Method,Conclusion
Method,Conclusion
Background,Background
Result,Conclusion
Method,Method
Result,Result
Background,Conclusion
Background,Background
Background,Conclusion
Background,Conclusion
Background,Background
Result,Conclusion
Result,Result
Method,Method
Result,Result
Method,Method
Result,Result
Conclusion,Conclusion
Result,Result
Background,Background
Method,Objective
Background,Objective
Result,Background
Result,Conclusion
Objective,Objective
Background,Result
Background,Result
Result,Result
Background,Background
Method,Objective
Background,Method
Method,Method
Result,Method
Method,Conclusion
Result,Background
Objective,Background
Background,Conclusion
Method,Objective
Background,Method
Method,Objective
Background,Method
Result,Result
Method,Method
Background,Conclusion
Result,Background
Method,Conclusion
Result,Background
Conclusion,Background
Objective,Result
Method,Method
Result,Result
Background,Result
Result,Method
Result,Result
Result,Background
Objective,Background
Method,Conclusion
Result,Conclusion
Result,Background
Background,Conclusion
Background,Result
Background,Objective
Objective,Objective
Result,Background
Background,Background
Objective,Objective
Conclusion,Result
Result,Method
Background,Background
Result,Objective
Method,Method
Background,Result
Background,Method
Result,Objective
Background,Conclusion
Result,Result
Result,Background
Background,Objective
Result,Background
Objective,Method
Result,Conclusion
Method,Background
Result,Result
Result,Result
Background,Method
Background,Background
Background,Method
Method,Objective
Background,Background
Result,Objective
Method,Result
Method,Result
Background,Background
Background,Conclusion
Method,Conclusion
Method,Objective
Method,Objective
Method,Result
Background,Result
Method,Method
Result,Conclusion
Method,Method
Conclusion,Conclusion
Result,Result
Result,Result
Result,Result
Method,Method
Background,Background
Method,Objective
Result,Objective
Method,Objective
Background,Background
Result,Method
Result,Background
Result,Result
Result,Method
Method,Background
Method,Conclusion
Background,Result
Method,Objective
Background,Background
Background,Conclusion
Background,Result
Method,Objective
Conclusion,Conclusion
Method,Objective
Background,Result
Background,Background
Background,Background
Background,Method
Result,Result
Result,Conclusion
Background,Method
Background,Method
Background,Conclusion
Result,Objective
Method,Objective
Result,Result
Method,Conclusion
Background,Background
Objective,Conclusion
Background,Background
Result,Objective
Method,Background
Objective,Background
Method,Conclusion
Method,Method
Background,Background
Result,Result
Result,Result
Method,Objective
Method,Method
Result,Conclusion
Result,Result
Method,Objective
Objective,Conclusion
Result,Result
Objective,Conclusion
Result,Objective
Method,Result
Background,Method
Method,Conclusion
Objective,Background
Method,Method
Method,Method
Result,Background
Background,Method
Method,Background
Method,Method
Result,Result
Method,Conclusion
Method,Result
Result,Method
Background,Conclusion
Objective,Background
Result,Objective
Method,Conclusion
Background,Result
Result,Result
Background,Objective
Method,Method
Background,Objective
Result,Background
Method,Result
Result,Background
Background,Conclusion
Method,Objective
Background,Conclusion
Result,Conclusion
Method,Method
Conclusion,Conclusion
Method,Method
Background,Result
Objective,Objective
Result,Conclusion
Background,Background
Method,Conclusion
Background,Method
Method,Result
Method,Method
Background,Result
Background,Conclusion
Background,Background
Result,Objective
Background,Objective
Result,Result
Background,Method
Method,Objective
Result,Conclusion
Method,Conclusion
Method,Objective
Background,Method
Background,Conclusion
Result,Objective
Result,Result
Method,Objective
Method,Objective
Method,Conclusion
Method,Result
Background,Objective
Background,Background
Method,Conclusion
Background,Conclusion
Result,Background
Background,Background
Background,Background
Method,Method
Background,Background
Method,Method
Objective,Objective
Result,Result
Method,Conclusion
Background,Background
Method,Method
Result,Result
Method,Background
Background,Objective
Objective,Method
Background,Objective
Conclusion,Result
Result,Conclusion
Result,Result
Result,Conclusion
Method,Result
Background,Conclusion
Objective,Background
Background,Background
Method,Result
Method,Objective
Background,Conclusion
Result,Result
Objective,Objective
Background,Background
Method,Method
Background,Background
Method,Objective
Result,Conclusion
Background,Background
Background,Result
Method,Objective
Method,Method
Method,Method
Background,Background
Background,Conclusion
Method,Method
Background,Conclusion
Background,Result
Background,Objective
Method,Method
Background,Objective
Background,Method
Background,Background
Background,Conclusion
Method,Method
Background,Objective
Method,Objective
Background,Method
Result,Background
Result,Background
Background,Background
Method,Result
Result,Result
Background,Method
Background,Background
Background,Result
Background,Method
Background,Background
Method,Result
Background,Result
Conclusion,Objective
Result,Conclusion
Background,Method
Background,Objective
Method,Conclusion
Background,Result
Background,Background
Background,Background
Result,Result
Background,Conclusion
Result,Result
Background,Background
Method,Method
Conclusion,Conclusion
Result,Conclusion
Result,Conclusion
Method,Background
Method,Objective
Result,Result
Conclusion,Background
Background,Conclusion
Result,Result
Result,Objective
Method,Method
Method,Objective
Result,Objective
Result,Background
Background,Background
Background,Objective
Method,Result
Method,Method
Background,Result
Background,Method
Method,Method
Method,Conclusion
Result,Background
Method,Conclusion
Result,Result
Method,Objective
Method,Conclusion
Result,Method
Objective,Conclusion
Background,Background
Background,Conclusion
Result,Objective
